citizenid,phone,created_at
C0001,+919873760693,2023-09-01 00:00:00
C0002,+919120880383,2023-04-23 00:00:00
C0003,+918493483910,2023-04-17 00:00:00
C0004,+919652209259,2023-08-31 00:00:00
C0005,+917229071936,2023-02-13 00:00:00
C0006,+917255588079,2023-02-14 00:00:00
C0007,+917173905944,2023-04-30 00:00:00
C0008,+918265024021,2023-03-12 00:00:00
C0009,+919977787411,2023-02-27 00:00:00
C0010,+917947346231,2023-03-29 00:00:00
C0011,+917892572405,2023-02-03 00:00:00
C0012,+917494028777,2023-07-02 00:00:00
C0013,+917166627079,2023-03-22 00:00:00
C0014,+919461913845,2023-03-28 00:00:00
C0015,+918411357993,2023-04-11 00:00:00
C0016,+919172782560,2023-02-14 00:00:00
C0017,+919206988916,2023-03-12 00:00:00
C0018,+918406627490,2023-08-08 00:00:00
C0019,+917411787386,2023-03-12 00:00:00
C0020,+919651908776,2023-10-05 00:00:00
C0021,+919403301808,2023-04-30 00:00:00
C0022,+918786929413,2023-05-25 00:00:00
C0023,+919408547914,2023-06-18 00:00:00
C0024,+918733504098,2023-07-19 00:00:00
C0025,+919424526267,2023-10-14 00:00:00
C0026,+917438952068,2023-09-03 00:00:00
C0027,+917858570012,2023-01-23 00:00:00
C0028,+917109696716,2023-07-19 00:00:00
C0029,+918993368947,2023-08-23 00:00:00
C0030,+917662414787,2023-08-19 00:00:00
C0031,+919337052860,2023-08-06 00:00:00
C0032,+919665336473,2023-10-22 00:00:00
C0033,+917227804773,2023-05-13 00:00:00
C0034,+919366248928,2023-07-02 00:00:00
C0035,+917592323049,2023-06-11 00:00:00
C0036,+919827735741,2023-08-23 00:00:00
C0037,+917207628429,2023-03-22 00:00:00
C0038,+919575617380,2023-04-17 00:00:00
C0039,+917660709313,2023-09-10 00:00:00
C0040,+919061094127,2023-07-04 00:00:00
C0041,+917914516565,2023-08-27 00:00:00
C0042,+917165085538,2023-05-03 00:00:00
C0043,+919790540624,2023-03-04 00:00:00
C0044,+919851098230,2023-03-08 00:00:00
C0045,+919484435864,2023-03-11 00:00:00
C0046,+918242004307,2023-06-10 00:00:00
C0047,+918884557339,2023-02-19 00:00:00
C0048,+918721783667,2023-02-10 00:00:00
C0049,+917389080987,2023-06-03 00:00:00
C0050,+919579006108,2023-08-27 00:00:00
C0051,+917999924255,2023-03-10 00:00:00
C0052,+917381266110,2023-09-15 00:00:00
C0053,+918461324329,2023-02-25 00:00:00
C0054,+918412322855,2023-10-21 00:00:00
C0055,+919961448158,2023-04-01 00:00:00
C0056,+919422528530,2023-05-03 00:00:00
C0057,+919338325261,2023-08-14 00:00:00
C0058,+918333640753,2023-02-19 00:00:00
C0059,+918405977352,2023-09-21 00:00:00
C0060,+919050397779,2023-10-24 00:00:00
C0061,+917302651728,2023-07-01 00:00:00
C0062,+918537897434,2023-09-04 00:00:00
C0063,+918467876438,2023-04-10 00:00:00
C0064,+918267194986,2023-05-16 00:00:00
C0065,+917773187540,2023-05-26 00:00:00
C0066,+917089183670,2023-08-31 00:00:00
C0067,+919984138356,2023-03-26 00:00:00
C0068,+918472831529,2023-02-18 00:00:00
C0069,+918570748821,2023-08-01 00:00:00
C0070,+917578124771,2023-10-02 00:00:00
C0071,+919273041425,2023-06-01 00:00:00
C0072,+918666945849,2023-07-03 00:00:00
C0073,+917436239984,2023-06-11 00:00:00
C0074,+917137027827,2023-01-22 00:00:00
C0075,+918671468222,2023-02-04 00:00:00
C0076,+918125826387,2023-08-15 00:00:00
C0077,+919843068334,2023-07-24 00:00:00
C0078,+918898343716,2023-09-28 00:00:00
C0079,+919987847319,2023-06-07 00:00:00
C0080,+919273558412,2023-04-08 00:00:00
C0081,+919491928990,2023-02-05 00:00:00
C0082,+919170103447,2023-07-13 00:00:00
C0083,+919009504195,2023-08-12 00:00:00
C0084,+919908126676,2023-09-01 00:00:00
C0085,+919902730324,2023-05-07 00:00:00
C0086,+917072839639,2023-07-13 00:00:00
C0087,+919235112884,2023-03-19 00:00:00
C0088,+919887371702,2023-08-06 00:00:00
C0089,+918578739413,2023-06-09 00:00:00
C0090,+919141398992,2023-09-06 00:00:00
C0091,+918544946035,2023-02-08 00:00:00
C0092,+918352078551,2023-10-19 00:00:00
C0093,+919292801930,2023-07-18 00:00:00
C0094,+918096531713,2023-06-14 00:00:00
C0095,+917304119356,2023-06-27 00:00:00
C0096,+917977428537,2023-09-12 00:00:00
C0097,+917791780473,2023-10-04 00:00:00
C0098,+919840324221,2023-01-02 00:00:00
C0099,+917105219825,2023-03-13 00:00:00
C0100,+918458409027,2023-09-08 00:00:00
C0101,+918464193214,2023-07-21 00:00:00
C0102,+918843691464,2023-07-02 00:00:00
C0103,+919659972171,2023-05-25 00:00:00
C0104,+918208837940,2023-09-27 00:00:00
C0105,+919855760279,2023-09-17 00:00:00
C0106,+917647058225,2023-01-18 00:00:00
C0107,+917953344433,2023-07-26 00:00:00
C0108,+918785841744,2023-05-03 00:00:00
C0109,+919497114400,2023-04-26 00:00:00
C0110,+918793126134,2023-08-05 00:00:00
C0111,+919030145659,2023-08-24 00:00:00
C0112,+919429030626,2023-06-06 00:00:00
C0113,+917718779468,2023-03-03 00:00:00
C0114,+918740430592,2023-02-04 00:00:00
C0115,+919463135396,2023-04-08 00:00:00
C0116,+917515570044,2023-10-06 00:00:00
C0117,+919467492887,2023-01-01 00:00:00
C0118,+917907529486,2023-05-10 00:00:00
C0119,+919298381880,2023-07-12 00:00:00
C0120,+919925386263,2023-04-23 00:00:00
C0121,+918444712337,2023-05-17 00:00:00
C0122,+917644377308,2023-04-27 00:00:00
C0123,+918052519311,2023-04-01 00:00:00
C0124,+919335014408,2023-02-09 00:00:00
C0125,+917303647394,2023-06-13 00:00:00
C0126,+919462709688,2023-05-17 00:00:00
C0127,+919539820390,2023-04-28 00:00:00
C0128,+919994045210,2023-01-07 00:00:00
C0129,+919392958276,2023-04-22 00:00:00
C0130,+919108683323,2023-04-08 00:00:00
C0131,+919192395678,2023-05-30 00:00:00
C0132,+918748759573,2023-05-24 00:00:00
C0133,+919947880368,2023-09-01 00:00:00
C0134,+919836110184,2023-01-15 00:00:00
C0135,+919502767499,2023-03-08 00:00:00
C0136,+918767493025,2023-04-26 00:00:00
C0137,+919630435543,2023-05-21 00:00:00
C0138,+917605881507,2023-02-02 00:00:00
C0139,+919632639996,2023-09-27 00:00:00
C0140,+917816151771,2023-01-03 00:00:00
C0141,+917022252789,2023-02-10 00:00:00
C0142,+918806307477,2023-06-08 00:00:00
C0143,+919328874458,2023-10-11 00:00:00
C0144,+917870658019,2023-01-25 00:00:00
C0145,+919736256253,2023-02-18 00:00:00
C0146,+918716421693,2023-07-12 00:00:00
C0147,+917703289457,2023-01-28 00:00:00
C0148,+917083462259,2023-03-04 00:00:00
C0149,+918764196631,2023-03-26 00:00:00
C0150,+917777284669,2023-05-12 00:00:00
C0151,+917503874892,2023-10-08 00:00:00
C0152,+919658156189,2023-09-02 00:00:00
C0153,+918103805464,2023-08-10 00:00:00
C0154,+919839375444,2023-01-21 00:00:00
C0155,+917509202903,2023-07-08 00:00:00
C0156,+917209228778,2023-10-10 00:00:00
C0157,+918090254658,2023-01-17 00:00:00
C0158,+918742552179,2023-08-13 00:00:00
C0159,+919576633072,2023-03-18 00:00:00
C0160,+917155645092,2023-10-08 00:00:00
C0161,+918108382689,2023-05-31 00:00:00
C0162,+918699703643,2023-05-08 00:00:00
C0163,+917231458619,2023-09-29 00:00:00
C0164,+918214309004,2023-02-02 00:00:00
C0165,+918507628171,2023-04-18 00:00:00
C0166,+918086914393,2023-04-30 00:00:00
C0167,+918132120369,2023-02-24 00:00:00
C0168,+918041057024,2023-07-01 00:00:00
C0169,+918041908552,2023-03-21 00:00:00
C0170,+917238405889,2023-05-29 00:00:00
C0171,+919299491689,2023-02-10 00:00:00
C0172,+917031025671,2023-10-07 00:00:00
C0173,+917225195724,2023-06-19 00:00:00
C0174,+919508117133,2023-07-06 00:00:00
C0175,+917980592008,2023-03-18 00:00:00
C0176,+919638541022,2023-06-28 00:00:00
C0177,+917949213060,2023-03-17 00:00:00
C0178,+917701130875,2023-05-18 00:00:00
C0179,+919066380371,2023-02-21 00:00:00
C0180,+919059054667,2023-05-16 00:00:00
C0181,+917316737231,2023-09-27 00:00:00
C0182,+919054316055,2023-05-21 00:00:00
C0183,+917319479248,2023-05-28 00:00:00
C0184,+919500182342,2023-04-09 00:00:00
C0185,+919499570173,2023-04-03 00:00:00
C0186,+919571143344,2023-10-10 00:00:00
C0187,+917731506402,2023-02-24 00:00:00
C0188,+917633031823,2023-06-23 00:00:00
C0189,+917479085928,2023-04-06 00:00:00
C0190,+918957117879,2023-01-21 00:00:00
C0191,+919140436769,2023-03-01 00:00:00
C0192,+919510413423,2023-08-26 00:00:00
C0193,+919481312340,2023-09-26 00:00:00
C0194,+919254417657,2023-07-17 00:00:00
C0195,+919297840861,2023-04-03 00:00:00
C0196,+917366818413,2023-06-27 00:00:00
C0197,+917910731888,2023-08-02 00:00:00
C0198,+918256287445,2023-04-22 00:00:00
C0199,+917066199627,2023-10-14 00:00:00
C0200,+918150961744,2023-01-22 00:00:00
C0201,+919042771879,2023-03-20 00:00:00
C0202,+919825615287,2023-10-24 00:00:00
C0203,+919297515747,2023-05-01 00:00:00
C0204,+918178109819,2023-07-05 00:00:00
C0205,+919572382004,2023-07-25 00:00:00
C0206,+919948118963,2023-04-26 00:00:00
C0207,+919816197837,2023-03-22 00:00:00
C0208,+918827858457,2023-06-11 00:00:00
C0209,+917651433512,2023-03-29 00:00:00
C0210,+918963109810,2023-10-12 00:00:00
C0211,+918696354914,2023-03-27 00:00:00
C0212,+918617286092,2023-02-23 00:00:00
C0213,+919779766356,2023-05-20 00:00:00
C0214,+919137771251,2023-09-03 00:00:00
C0215,+918208924428,2023-05-22 00:00:00
C0216,+917588725669,2023-09-13 00:00:00
C0217,+918664497079,2023-06-16 00:00:00
C0218,+918585562564,2023-09-07 00:00:00
C0219,+918217123729,2023-10-23 00:00:00
C0220,+919790777061,2023-08-15 00:00:00
C0221,+917494705073,2023-06-16 00:00:00
C0222,+919013661338,2023-05-30 00:00:00
C0223,+917331496705,2023-09-14 00:00:00
C0224,+919787902168,2023-02-03 00:00:00
C0225,+918586704491,2023-01-30 00:00:00
C0226,+919234567972,2023-01-30 00:00:00
C0227,+918675149875,2023-10-18 00:00:00
C0228,+917667845526,2023-09-01 00:00:00
C0229,+918353429052,2023-10-08 00:00:00
C0230,+919940654467,2023-05-27 00:00:00
C0231,+918086467172,2023-09-21 00:00:00
C0232,+917964705855,2023-08-03 00:00:00
C0233,+919388575729,2023-10-11 00:00:00
C0234,+919368768750,2023-01-04 00:00:00
C0235,+917906653594,2023-09-11 00:00:00
C0236,+918103924455,2023-04-21 00:00:00
C0237,+918602183319,2023-08-20 00:00:00
C0238,+918108808215,2023-10-27 00:00:00
C0239,+919510792333,2023-01-11 00:00:00
C0240,+919598370894,2023-09-24 00:00:00
C0241,+919931221081,2023-03-18 00:00:00
C0242,+918011723518,2023-01-26 00:00:00
C0243,+919037384965,2023-08-23 00:00:00
C0244,+918652288456,2023-05-15 00:00:00
C0245,+919519578048,2023-09-13 00:00:00
C0246,+917013675009,2023-07-20 00:00:00
C0247,+918192761438,2023-01-30 00:00:00
C0248,+917336788231,2023-08-13 00:00:00
C0249,+919230135618,2023-05-16 00:00:00
C0250,+917080942007,2023-10-17 00:00:00
C0251,+918685230725,2023-08-02 00:00:00
C0252,+919312390682,2023-06-27 00:00:00
C0253,+919865006438,2023-02-01 00:00:00
C0254,+919129686971,2023-09-14 00:00:00
C0255,+917003374388,2023-05-10 00:00:00
C0256,+918817453220,2023-03-23 00:00:00
C0257,+918079344768,2023-09-06 00:00:00
C0258,+918040648820,2023-10-03 00:00:00
C0259,+919981567699,2023-03-03 00:00:00
C0260,+917667239470,2023-05-03 00:00:00
C0261,+919644297108,2023-07-17 00:00:00
C0262,+918144328463,2023-08-10 00:00:00
C0263,+919184466827,2023-10-02 00:00:00
C0264,+918378425392,2023-09-20 00:00:00
C0265,+917226444389,2023-01-02 00:00:00
C0266,+918319876076,2023-03-26 00:00:00
C0267,+917259186948,2023-09-06 00:00:00
C0268,+917412764847,2023-06-14 00:00:00
C0269,+917838320649,2023-06-21 00:00:00
C0270,+919202003659,2023-04-18 00:00:00
C0271,+919120468350,2023-06-20 00:00:00
C0272,+917678525680,2023-10-24 00:00:00
C0273,+918154843886,2023-06-17 00:00:00
C0274,+919976201068,2023-01-14 00:00:00
C0275,+918257418218,2023-01-27 00:00:00
C0276,+917296135036,2023-01-15 00:00:00
C0277,+919591506695,2023-01-20 00:00:00
C0278,+917673411100,2023-04-10 00:00:00
C0279,+917244806510,2023-04-18 00:00:00
C0280,+919075026129,2023-09-26 00:00:00
C0281,+919320407479,2023-04-10 00:00:00
C0282,+918598311054,2023-10-19 00:00:00
C0283,+918305798222,2023-07-23 00:00:00
C0284,+918850197404,2023-10-28 00:00:00
C0285,+919715655236,2023-06-13 00:00:00
C0286,+918236288559,2023-03-10 00:00:00
C0287,+917257309248,2023-04-23 00:00:00
C0288,+919269356854,2023-07-29 00:00:00
C0289,+918939264841,2023-04-15 00:00:00
C0290,+918045579931,2023-08-02 00:00:00
C0291,+919409543718,2023-01-09 00:00:00
C0292,+917940523728,2023-04-06 00:00:00
C0293,+919685604621,2023-09-06 00:00:00
C0294,+917253474408,2023-07-22 00:00:00
C0295,+917199047195,2023-10-16 00:00:00
C0296,+917328621282,2023-07-12 00:00:00
C0297,+917482822513,2023-05-16 00:00:00
C0298,+919647880266,2023-10-28 00:00:00
C0299,+917800750572,2023-03-24 00:00:00
C0300,+917054473535,2023-05-19 00:00:00
C0301,+919986591824,2023-03-19 00:00:00
C0302,+918802511652,2023-03-31 00:00:00
C0303,+919281327821,2023-06-09 00:00:00
C0304,+918229672850,2023-03-26 00:00:00
C0305,+919424864388,2023-02-28 00:00:00
C0306,+918005187134,2023-02-21 00:00:00
C0307,+918219610896,2023-06-04 00:00:00
C0308,+919560954801,2023-02-12 00:00:00
C0309,+918815003647,2023-03-14 00:00:00
C0310,+917720269399,2023-02-14 00:00:00
C0311,+918219436322,2023-02-11 00:00:00
C0312,+919922642915,2023-03-14 00:00:00
C0313,+919573973791,2023-06-05 00:00:00
C0314,+917588744562,2023-09-10 00:00:00
C0315,+917199455460,2023-10-17 00:00:00
C0316,+919903605060,2023-01-06 00:00:00
C0317,+918628823270,2023-07-31 00:00:00
C0318,+919056323051,2023-03-18 00:00:00
C0319,+917750002435,2023-02-27 00:00:00
C0320,+918447481436,2023-09-10 00:00:00
C0321,+919406471740,2023-06-26 00:00:00
C0322,+917752135437,2023-01-08 00:00:00
C0323,+917769025615,2023-10-08 00:00:00
C0324,+917267720237,2023-07-16 00:00:00
C0325,+918673904263,2023-02-23 00:00:00
C0326,+917854719849,2023-06-29 00:00:00
C0327,+917965028446,2023-08-25 00:00:00
C0328,+918254621955,2023-02-10 00:00:00
C0329,+918178402798,2023-07-25 00:00:00
C0330,+919347159656,2023-03-15 00:00:00
C0331,+917645165524,2023-05-17 00:00:00
C0332,+919236543187,2023-09-24 00:00:00
C0333,+919459492445,2023-10-09 00:00:00
C0334,+917949174152,2023-08-29 00:00:00
C0335,+919983462711,2023-04-09 00:00:00
C0336,+919229041143,2023-05-24 00:00:00
C0337,+919606094902,2023-02-21 00:00:00
C0338,+918404901765,2023-07-30 00:00:00
C0339,+918412679924,2023-07-23 00:00:00
C0340,+919630729312,2023-03-27 00:00:00
C0341,+917368062442,2023-07-24 00:00:00
C0342,+917208448014,2023-01-27 00:00:00
C0343,+917340363885,2023-01-04 00:00:00
C0344,+919449838378,2023-01-13 00:00:00
C0345,+918879444118,2023-03-02 00:00:00
C0346,+918760511441,2023-04-01 00:00:00
C0347,+918529341022,2023-01-07 00:00:00
C0348,+917943587060,2023-01-17 00:00:00
C0349,+918580334433,2023-07-26 00:00:00
C0350,+917308777858,2023-02-17 00:00:00
C0351,+918007918881,2023-10-19 00:00:00
C0352,+919425194686,2023-07-28 00:00:00
C0353,+919567680592,2023-02-09 00:00:00
C0354,+918849493337,2023-07-18 00:00:00
C0355,+917201171468,2023-04-30 00:00:00
C0356,+918855379512,2023-08-25 00:00:00
C0357,+919123375066,2023-03-13 00:00:00
C0358,+919237355639,2023-10-18 00:00:00
C0359,+918151116235,2023-02-13 00:00:00
C0360,+918547735343,2023-03-06 00:00:00
C0361,+917602550969,2023-03-05 00:00:00
C0362,+919943154027,2023-09-23 00:00:00
C0363,+917961777140,2023-09-08 00:00:00
C0364,+917634473091,2023-07-05 00:00:00
C0365,+919013557978,2023-05-29 00:00:00
C0366,+919027508625,2023-02-02 00:00:00
C0367,+919384059551,2023-05-10 00:00:00
C0368,+917012076033,2023-05-30 00:00:00
C0369,+918993140613,2023-08-28 00:00:00
C0370,+918163058507,2023-09-12 00:00:00
C0371,+917181123801,2023-03-31 00:00:00
C0372,+917376239590,2023-03-02 00:00:00
C0373,+918882792114,2023-08-29 00:00:00
C0374,+917361732386,2023-10-14 00:00:00
C0375,+917369770082,2023-02-07 00:00:00
C0376,+917024273137,2023-03-11 00:00:00
C0377,+919462144731,2023-06-02 00:00:00
C0378,+917071630019,2023-08-13 00:00:00
C0379,+918837809969,2023-06-15 00:00:00
C0380,+919461769606,2023-02-10 00:00:00
C0381,+917775301762,2023-07-11 00:00:00
C0382,+918425089870,2023-08-18 00:00:00
C0383,+919633361937,2023-03-04 00:00:00
C0384,+919458289611,2023-07-18 00:00:00
C0385,+919110851604,2023-02-26 00:00:00
C0386,+918770748662,2023-10-15 00:00:00
C0387,+917227248652,2023-08-21 00:00:00
C0388,+917809842577,2023-03-10 00:00:00
C0389,+917559403776,2023-03-09 00:00:00
C0390,+917288425514,2023-01-10 00:00:00
C0391,+917235725747,2023-08-17 00:00:00
C0392,+919558714326,2023-06-27 00:00:00
C0393,+918962180769,2023-05-21 00:00:00
C0394,+919558500760,2023-10-17 00:00:00
C0395,+918479299110,2023-02-27 00:00:00
C0396,+917228547762,2023-08-21 00:00:00
C0397,+917987821564,2023-07-20 00:00:00
C0398,+918794918191,2023-04-27 00:00:00
C0399,+917566052301,2023-05-22 00:00:00
C0400,+917021012195,2023-01-17 00:00:00
C0401,+917429425987,2023-05-25 00:00:00
C0402,+917264916846,2023-09-11 00:00:00
C0403,+919686615188,2023-02-08 00:00:00
C0404,+918581725148,2023-01-13 00:00:00
C0405,+919946631073,2023-07-31 00:00:00
C0406,+917448844047,2023-05-30 00:00:00
C0407,+918403688591,2023-09-28 00:00:00
C0408,+917768288543,2023-09-02 00:00:00
C0409,+919784521882,2023-09-13 00:00:00
C0410,+919382816722,2023-08-03 00:00:00
C0411,+919017457144,2023-08-31 00:00:00
C0412,+919857629119,2023-10-11 00:00:00
C0413,+918117157972,2023-08-06 00:00:00
C0414,+917474440367,2023-04-10 00:00:00
C0415,+917453063558,2023-03-28 00:00:00
C0416,+919987013203,2023-07-06 00:00:00
C0417,+918768819887,2023-09-04 00:00:00
C0418,+917180839722,2023-01-27 00:00:00
C0419,+917631528252,2023-06-17 00:00:00
C0420,+919959737652,2023-02-05 00:00:00
C0421,+919014095776,2023-06-05 00:00:00
C0422,+918232349524,2023-06-19 00:00:00
C0423,+919947881151,2023-01-13 00:00:00
C0424,+918556571500,2023-08-20 00:00:00
C0425,+918661125649,2023-05-16 00:00:00
C0426,+917242649483,2023-01-19 00:00:00
C0427,+919691059486,2023-04-30 00:00:00
C0428,+919798945508,2023-08-04 00:00:00
C0429,+919909531316,2023-05-02 00:00:00
C0430,+917930216883,2023-05-18 00:00:00
C0431,+917659062569,2023-03-05 00:00:00
C0432,+919155935721,2023-05-03 00:00:00
C0433,+919785182943,2023-06-28 00:00:00
C0434,+917536847422,2023-10-22 00:00:00
C0435,+918245079229,2023-05-18 00:00:00
C0436,+918352128670,2023-03-14 00:00:00
C0437,+918771189431,2023-01-29 00:00:00
C0438,+919635070214,2023-01-04 00:00:00
C0439,+917971237364,2023-02-26 00:00:00
C0440,+917866612303,2023-04-29 00:00:00
C0441,+917906316125,2023-03-13 00:00:00
C0442,+918494698179,2023-07-11 00:00:00
C0443,+917416136839,2023-02-02 00:00:00
C0444,+917502019552,2023-04-13 00:00:00
C0445,+917232603084,2023-08-30 00:00:00
C0446,+917743486321,2023-08-19 00:00:00
C0447,+917505678500,2023-08-06 00:00:00
C0448,+919992679914,2023-06-14 00:00:00
C0449,+918344825805,2023-01-29 00:00:00
C0450,+917572852205,2023-10-07 00:00:00
C0451,+918414040631,2023-07-22 00:00:00
C0452,+917277875277,2023-06-28 00:00:00
C0453,+918701100694,2023-05-12 00:00:00
C0454,+918438458896,2023-10-13 00:00:00
C0455,+917987103920,2023-07-22 00:00:00
C0456,+918849562541,2023-09-03 00:00:00
C0457,+917451639547,2023-04-23 00:00:00
C0458,+919308828723,2023-05-03 00:00:00
C0459,+919027365109,2023-05-28 00:00:00
C0460,+918227923100,2023-09-13 00:00:00
C0461,+918189019349,2023-10-06 00:00:00
C0462,+917098145294,2023-02-09 00:00:00
C0463,+919961195255,2023-09-21 00:00:00
C0464,+919664498161,2023-03-20 00:00:00
C0465,+919442088708,2023-01-27 00:00:00
C0466,+917143855111,2023-04-06 00:00:00
C0467,+917590757584,2023-08-17 00:00:00
C0468,+917468485353,2023-02-07 00:00:00
C0469,+919600882664,2023-09-03 00:00:00
C0470,+917477153748,2023-09-02 00:00:00
C0471,+917254304789,2023-02-22 00:00:00
C0472,+919512092998,2023-03-27 00:00:00
C0473,+917585846857,2023-04-26 00:00:00
C0474,+919518385806,2023-03-08 00:00:00
C0475,+919985167587,2023-06-04 00:00:00
C0476,+919060427317,2023-06-08 00:00:00
C0477,+918766825066,2023-03-02 00:00:00
C0478,+919345319057,2023-07-05 00:00:00
C0479,+917856684054,2023-04-19 00:00:00
C0480,+918972631392,2023-02-15 00:00:00
C0481,+919121125767,2023-08-05 00:00:00
C0482,+919076364444,2023-05-15 00:00:00
C0483,+918776134667,2023-06-03 00:00:00
C0484,+918696147164,2023-04-24 00:00:00
C0485,+918394234839,2023-03-03 00:00:00
C0486,+917092934320,2023-03-24 00:00:00
C0487,+917890343881,2023-07-24 00:00:00
C0488,+917745349341,2023-05-17 00:00:00
C0489,+917922909442,2023-02-28 00:00:00
C0490,+918734742121,2023-06-14 00:00:00
C0491,+918109710591,2023-09-21 00:00:00
C0492,+917876107548,2023-10-11 00:00:00
C0493,+919508167546,2023-08-11 00:00:00
C0494,+918825040253,2023-04-08 00:00:00
C0495,+919224141318,2023-02-03 00:00:00
C0496,+919889001485,2023-06-07 00:00:00
C0497,+919678697989,2023-03-06 00:00:00
C0498,+919748877453,2023-04-12 00:00:00
C0499,+917017172973,2023-07-09 00:00:00
C0500,+919594918464,2023-08-14 00:00:00
C0501,+917744527608,2023-08-18 00:00:00
C0502,+918049010849,2023-06-10 00:00:00
C0503,+919800405207,2023-05-11 00:00:00
C0504,+917152767481,2023-04-16 00:00:00
C0505,+918500732041,2023-04-23 00:00:00
C0506,+919414185574,2023-05-02 00:00:00
C0507,+917363197594,2023-07-08 00:00:00
C0508,+919834542054,2023-10-03 00:00:00
C0509,+918744114962,2023-03-13 00:00:00
C0510,+918982686311,2023-08-25 00:00:00
C0511,+917051433628,2023-03-18 00:00:00
C0512,+918520518339,2023-05-22 00:00:00
C0513,+918326486031,2023-08-18 00:00:00
C0514,+919363572662,2023-10-04 00:00:00
C0515,+919258427284,2023-07-31 00:00:00
C0516,+918130834731,2023-05-07 00:00:00
C0517,+918832231811,2023-03-04 00:00:00
C0518,+918557948584,2023-03-19 00:00:00
C0519,+917392546209,2023-03-07 00:00:00
C0520,+917037096362,2023-09-20 00:00:00
C0521,+918376776042,2023-03-26 00:00:00
C0522,+917395309628,2023-05-20 00:00:00
C0523,+917481800604,2023-08-15 00:00:00
C0524,+918194995491,2023-04-20 00:00:00
C0525,+917464798645,2023-04-29 00:00:00
C0526,+918232785591,2023-07-06 00:00:00
C0527,+919286238505,2023-08-30 00:00:00
C0528,+917324242299,2023-02-28 00:00:00
C0529,+917317910135,2023-03-22 00:00:00
C0530,+917894470614,2023-04-18 00:00:00
C0531,+918463392815,2023-02-14 00:00:00
C0532,+919114920052,2023-02-16 00:00:00
C0533,+917565843085,2023-06-09 00:00:00
C0534,+919944993277,2023-08-03 00:00:00
C0535,+917184279857,2023-06-14 00:00:00
C0536,+917717611423,2023-05-15 00:00:00
C0537,+918304234254,2023-10-23 00:00:00
C0538,+917771007375,2023-05-10 00:00:00
C0539,+917441622813,2023-03-27 00:00:00
C0540,+918477713294,2023-07-17 00:00:00
C0541,+917265353956,2023-07-24 00:00:00
C0542,+918260965981,2023-01-03 00:00:00
C0543,+918014225302,2023-06-19 00:00:00
C0544,+918995851719,2023-01-29 00:00:00
C0545,+917175579153,2023-09-28 00:00:00
C0546,+919030660637,2023-09-09 00:00:00
C0547,+919127115218,2023-10-14 00:00:00
C0548,+917935197431,2023-07-26 00:00:00
C0549,+919585642206,2023-07-11 00:00:00
C0550,+917257367488,2023-08-25 00:00:00
C0551,+918180864811,2023-04-14 00:00:00
C0552,+918701513110,2023-09-10 00:00:00
C0553,+919137875261,2023-05-12 00:00:00
C0554,+917851599106,2023-01-23 00:00:00
C0555,+918243044800,2023-07-04 00:00:00
C0556,+919646504634,2023-06-16 00:00:00
C0557,+918249709788,2023-06-06 00:00:00
C0558,+918074745091,2023-02-25 00:00:00
C0559,+918209487842,2023-10-12 00:00:00
C0560,+919824834571,2023-09-21 00:00:00
C0561,+919243600528,2023-01-29 00:00:00
C0562,+917498046037,2023-05-11 00:00:00
C0563,+917999683418,2023-09-29 00:00:00
C0564,+918947409893,2023-10-13 00:00:00
C0565,+919765851315,2023-08-29 00:00:00
C0566,+918995089758,2023-04-15 00:00:00
C0567,+917535887698,2023-04-11 00:00:00
C0568,+917157262946,2023-02-12 00:00:00
C0569,+919210734689,2023-03-01 00:00:00
C0570,+917036777499,2023-06-17 00:00:00
C0571,+918772623565,2023-05-18 00:00:00
C0572,+918400383914,2023-02-16 00:00:00
C0573,+918416505096,2023-01-23 00:00:00
C0574,+917019104351,2023-01-29 00:00:00
C0575,+919143628842,2023-02-23 00:00:00
C0576,+919061951740,2023-07-10 00:00:00
C0577,+917439802114,2023-03-02 00:00:00
C0578,+918347207082,2023-06-11 00:00:00
C0579,+917747289383,2023-01-02 00:00:00
C0580,+919123613543,2023-08-09 00:00:00
C0581,+919733732400,2023-09-29 00:00:00
C0582,+919560335303,2023-04-27 00:00:00
C0583,+919801194879,2023-07-26 00:00:00
C0584,+918305032383,2023-04-26 00:00:00
C0585,+919472733592,2023-10-27 00:00:00
C0586,+917113647693,2023-02-17 00:00:00
C0587,+918356411122,2023-03-22 00:00:00
C0588,+919363698521,2023-06-10 00:00:00
C0589,+919756781538,2023-05-19 00:00:00
C0590,+919263079019,2023-04-06 00:00:00
C0591,+919090337368,2023-08-16 00:00:00
C0592,+919261862058,2023-02-08 00:00:00
C0593,+917304074850,2023-06-10 00:00:00
C0594,+917276672461,2023-10-22 00:00:00
C0595,+918305236411,2023-03-23 00:00:00
C0596,+919577345911,2023-08-29 00:00:00
C0597,+917649117874,2023-07-15 00:00:00
C0598,+917276440236,2023-02-09 00:00:00
C0599,+918435110254,2023-05-18 00:00:00
C0600,+917122272791,2023-10-01 00:00:00
C0601,+919063208666,2023-10-28 00:00:00
C0602,+918249506712,2023-04-19 00:00:00
C0603,+917826343697,2023-05-10 00:00:00
C0604,+919865199976,2023-10-17 00:00:00
C0605,+919509322394,2023-07-11 00:00:00
C0606,+918312214860,2023-02-16 00:00:00
C0607,+919739976487,2023-01-13 00:00:00
C0608,+918580570643,2023-07-25 00:00:00
C0609,+919353805957,2023-01-24 00:00:00
C0610,+919986753847,2023-04-07 00:00:00
C0611,+917122963386,2023-06-16 00:00:00
C0612,+917534780945,2023-08-20 00:00:00
C0613,+919163733029,2023-02-08 00:00:00
C0614,+919952345725,2023-03-21 00:00:00
C0615,+919397911064,2023-02-06 00:00:00
C0616,+917714957123,2023-06-03 00:00:00
C0617,+918877323309,2023-08-03 00:00:00
C0618,+917978880646,2023-09-14 00:00:00
C0619,+917912209421,2023-10-10 00:00:00
C0620,+919826840742,2023-06-19 00:00:00
C0621,+918989693460,2023-03-30 00:00:00
C0622,+918219840782,2023-07-25 00:00:00
C0623,+918573256852,2023-05-15 00:00:00
C0624,+918236145908,2023-02-07 00:00:00
C0625,+919387281325,2023-01-14 00:00:00
C0626,+919934788521,2023-04-25 00:00:00
C0627,+919433416845,2023-01-30 00:00:00
C0628,+918212934826,2023-07-13 00:00:00
C0629,+919633972371,2023-05-19 00:00:00
C0630,+917212640548,2023-08-08 00:00:00
C0631,+919393751513,2023-01-23 00:00:00
C0632,+918779942292,2023-05-22 00:00:00
C0633,+917046624345,2023-02-24 00:00:00
C0634,+919685404343,2023-09-11 00:00:00
C0635,+917769161384,2023-09-29 00:00:00
C0636,+918771275650,2023-07-22 00:00:00
C0637,+918414365949,2023-01-26 00:00:00
C0638,+918850908134,2023-05-28 00:00:00
C0639,+919497068389,2023-06-03 00:00:00
C0640,+919738773275,2023-09-01 00:00:00
C0641,+918231176898,2023-06-10 00:00:00
C0642,+918558773821,2023-07-16 00:00:00
C0643,+917022629010,2023-07-14 00:00:00
C0644,+919482497699,2023-08-14 00:00:00
C0645,+919146673370,2023-01-11 00:00:00
C0646,+919742872080,2023-04-09 00:00:00
C0647,+917977341155,2023-04-26 00:00:00
C0648,+918073753926,2023-06-05 00:00:00
C0649,+918714129781,2023-04-26 00:00:00
C0650,+917645736506,2023-09-22 00:00:00
C0651,+917943716069,2023-06-16 00:00:00
C0652,+918724378755,2023-07-09 00:00:00
C0653,+919032687655,2023-02-09 00:00:00
C0654,+919423619141,2023-09-16 00:00:00
C0655,+919549180852,2023-03-11 00:00:00
C0656,+918047662747,2023-01-13 00:00:00
C0657,+918716215990,2023-10-13 00:00:00
C0658,+917987798410,2023-02-02 00:00:00
C0659,+917035423142,2023-10-04 00:00:00
C0660,+917056047379,2023-07-21 00:00:00
C0661,+918464508359,2023-04-05 00:00:00
C0662,+917300688484,2023-09-23 00:00:00
C0663,+918175171732,2023-05-15 00:00:00
C0664,+918997307936,2023-09-20 00:00:00
C0665,+917824821591,2023-03-03 00:00:00
C0666,+917482646223,2023-03-20 00:00:00
C0667,+917999756194,2023-10-04 00:00:00
C0668,+918687383046,2023-10-01 00:00:00
C0669,+918707127588,2023-10-12 00:00:00
C0670,+917726951831,2023-08-31 00:00:00
C0671,+917543104397,2023-04-22 00:00:00
C0672,+918602506528,2023-01-24 00:00:00
C0673,+917222227393,2023-03-08 00:00:00
C0674,+919795404824,2023-10-20 00:00:00
C0675,+918803492186,2023-08-07 00:00:00
C0676,+918678935441,2023-09-21 00:00:00
C0677,+919922287484,2023-05-07 00:00:00
C0678,+917149618250,2023-02-15 00:00:00
C0679,+917034552591,2023-01-19 00:00:00
C0680,+917868629035,2023-05-29 00:00:00
C0681,+918771609700,2023-01-16 00:00:00
C0682,+917354987619,2023-01-03 00:00:00
C0683,+919991822301,2023-10-01 00:00:00
C0684,+917248131536,2023-06-15 00:00:00
C0685,+917546589639,2023-01-15 00:00:00
C0686,+919140797616,2023-07-14 00:00:00
C0687,+919504579214,2023-06-14 00:00:00
C0688,+919601844934,2023-06-13 00:00:00
C0689,+918300907554,2023-05-21 00:00:00
C0690,+917625763646,2023-09-07 00:00:00
C0691,+917709678411,2023-06-14 00:00:00
C0692,+918456593393,2023-07-05 00:00:00
C0693,+918780979723,2023-04-25 00:00:00
C0694,+919113043029,2023-02-26 00:00:00
C0695,+918320960762,2023-10-23 00:00:00
C0696,+918138678008,2023-02-18 00:00:00
C0697,+917982507066,2023-05-05 00:00:00
C0698,+918440505431,2023-08-31 00:00:00
C0699,+917038856841,2023-05-10 00:00:00
C0700,+917308564943,2023-07-03 00:00:00
C0701,+917903856493,2023-07-06 00:00:00
C0702,+918393448562,2023-02-06 00:00:00
C0703,+919429548406,2023-09-11 00:00:00
C0704,+919443726369,2023-04-04 00:00:00
C0705,+918332294268,2023-09-30 00:00:00
C0706,+918313389367,2023-03-14 00:00:00
C0707,+917644651370,2023-06-11 00:00:00
C0708,+919360454084,2023-04-12 00:00:00
C0709,+919109378559,2023-06-20 00:00:00
C0710,+919845804985,2023-10-11 00:00:00
C0711,+918525819059,2023-06-18 00:00:00
C0712,+918573534950,2023-03-04 00:00:00
C0713,+918955497356,2023-08-20 00:00:00
C0714,+917645475072,2023-09-03 00:00:00
C0715,+918941567733,2023-01-18 00:00:00
C0716,+919720472911,2023-01-31 00:00:00
C0717,+919464642883,2023-07-24 00:00:00
C0718,+919390258320,2023-05-28 00:00:00
C0719,+917851923140,2023-10-08 00:00:00
C0720,+919803022101,2023-10-26 00:00:00
C0721,+919324607343,2023-03-25 00:00:00
C0722,+917159871166,2023-01-23 00:00:00
C0723,+918203405525,2023-09-18 00:00:00
C0724,+919715411294,2023-08-10 00:00:00
C0725,+918431958639,2023-08-30 00:00:00
C0726,+918513838904,2023-08-19 00:00:00
C0727,+917447308078,2023-07-28 00:00:00
C0728,+918697078162,2023-08-16 00:00:00
C0729,+917241415746,2023-06-11 00:00:00
C0730,+919791622906,2023-09-04 00:00:00
C0731,+919463705838,2023-10-10 00:00:00
C0732,+918142074306,2023-09-07 00:00:00
C0733,+919692896230,2023-01-05 00:00:00
C0734,+919729287830,2023-03-11 00:00:00
C0735,+919048326137,2023-03-23 00:00:00
C0736,+919210460084,2023-07-10 00:00:00
C0737,+918073417936,2023-09-16 00:00:00
C0738,+917130101329,2023-03-28 00:00:00
C0739,+917469199748,2023-03-29 00:00:00
C0740,+919890222509,2023-03-27 00:00:00
C0741,+918248828184,2023-07-09 00:00:00
C0742,+919399713109,2023-10-04 00:00:00
C0743,+918546171309,2023-03-13 00:00:00
C0744,+919179103559,2023-05-01 00:00:00
C0745,+919683402180,2023-07-07 00:00:00
C0746,+918842179094,2023-02-14 00:00:00
C0747,+918003449959,2023-09-13 00:00:00
C0748,+918478529442,2023-01-07 00:00:00
C0749,+919751602186,2023-04-15 00:00:00
C0750,+919120754447,2023-04-30 00:00:00
C0751,+917965990231,2023-06-10 00:00:00
C0752,+918278620801,2023-07-18 00:00:00
C0753,+917277044135,2023-06-14 00:00:00
C0754,+918042896809,2023-06-06 00:00:00
C0755,+919412521096,2023-07-08 00:00:00
C0756,+918801451138,2023-03-13 00:00:00
C0757,+917359989660,2023-08-09 00:00:00
C0758,+919372833179,2023-04-17 00:00:00
C0759,+919008922783,2023-02-11 00:00:00
C0760,+919629060642,2023-05-24 00:00:00
C0761,+917726975571,2023-05-31 00:00:00
C0762,+917982743298,2023-04-06 00:00:00
C0763,+918534640334,2023-02-14 00:00:00
C0764,+918348921923,2023-06-18 00:00:00
C0765,+917611014892,2023-03-13 00:00:00
C0766,+919173571054,2023-08-02 00:00:00
C0767,+917504309916,2023-05-25 00:00:00
C0768,+917844642923,2023-05-13 00:00:00
C0769,+917635020289,2023-04-30 00:00:00
C0770,+917812263494,2023-01-15 00:00:00
C0771,+919916566378,2023-03-19 00:00:00
C0772,+919441350657,2023-07-02 00:00:00
C0773,+917069011354,2023-09-06 00:00:00
C0774,+918614366957,2023-07-11 00:00:00
C0775,+918523635171,2023-08-23 00:00:00
C0776,+918099665150,2023-01-18 00:00:00
C0777,+918107763153,2023-07-08 00:00:00
C0778,+918026147056,2023-06-29 00:00:00
C0779,+919998852535,2023-03-06 00:00:00
C0780,+919014351165,2023-10-19 00:00:00
C0781,+917457463482,2023-05-25 00:00:00
C0782,+918277773191,2023-08-05 00:00:00
C0783,+919084396423,2023-01-24 00:00:00
C0784,+918868587818,2023-03-03 00:00:00
C0785,+919114548888,2023-07-31 00:00:00
C0786,+917589320161,2023-03-30 00:00:00
C0787,+919135740955,2023-09-14 00:00:00
C0788,+917365766343,2023-08-21 00:00:00
C0789,+918726826146,2023-01-16 00:00:00
C0790,+918186836911,2023-08-20 00:00:00
C0791,+918000178179,2023-04-22 00:00:00
C0792,+917772009093,2023-02-18 00:00:00
C0793,+919712145546,2023-05-22 00:00:00
C0794,+918688698628,2023-01-17 00:00:00
C0795,+917109090300,2023-01-14 00:00:00
C0796,+918979468754,2023-01-17 00:00:00
C0797,+919220067578,2023-03-18 00:00:00
C0798,+918321811975,2023-01-28 00:00:00
C0799,+919586948931,2023-04-19 00:00:00
C0800,+918990236120,2023-10-02 00:00:00
C0801,+919647598048,2023-03-16 00:00:00
C0802,+918526264709,2023-05-16 00:00:00
C0803,+917343243864,2023-07-28 00:00:00
C0804,+917881673501,2023-07-01 00:00:00
C0805,+917634456818,2023-04-21 00:00:00
C0806,+917884280464,2023-02-05 00:00:00
C0807,+917866602381,2023-08-20 00:00:00
C0808,+919178745376,2023-05-29 00:00:00
C0809,+919046155158,2023-07-13 00:00:00
C0810,+919302241200,2023-07-03 00:00:00
C0811,+918610507688,2023-02-28 00:00:00
C0812,+918761371029,2023-01-11 00:00:00
C0813,+919144638455,2023-08-13 00:00:00
C0814,+917278714629,2023-02-14 00:00:00
C0815,+918883513538,2023-04-16 00:00:00
C0816,+919649030384,2023-04-01 00:00:00
C0817,+918767380672,2023-06-01 00:00:00
C0818,+919663168963,2023-03-30 00:00:00
C0819,+919232282387,2023-06-30 00:00:00
C0820,+918291716350,2023-08-12 00:00:00
C0821,+919929064238,2023-09-26 00:00:00
C0822,+918628881574,2023-10-11 00:00:00
C0823,+919637266618,2023-07-09 00:00:00
C0824,+919214901421,2023-04-12 00:00:00
C0825,+917870228776,2023-02-07 00:00:00
C0826,+919207219740,2023-09-14 00:00:00
C0827,+919307894352,2023-03-02 00:00:00
C0828,+917366862594,2023-10-22 00:00:00
C0829,+919901252283,2023-01-06 00:00:00
C0830,+919514448766,2023-06-04 00:00:00
C0831,+919741637000,2023-09-07 00:00:00
C0832,+918124718614,2023-01-16 00:00:00
C0833,+919340337129,2023-02-13 00:00:00
C0834,+917138217924,2023-01-17 00:00:00
C0835,+917503817971,2023-06-28 00:00:00
C0836,+918834043403,2023-02-22 00:00:00
C0837,+919589231131,2023-02-18 00:00:00
C0838,+917617468255,2023-04-06 00:00:00
C0839,+919309122912,2023-04-16 00:00:00
C0840,+919194124842,2023-05-10 00:00:00
C0841,+917779081872,2023-06-15 00:00:00
C0842,+918764979691,2023-06-12 00:00:00
C0843,+919352348786,2023-06-07 00:00:00
C0844,+919393028187,2023-06-01 00:00:00
C0845,+919655775510,2023-02-20 00:00:00
C0846,+919255899734,2023-01-05 00:00:00
C0847,+918050111911,2023-09-07 00:00:00
C0848,+919339287139,2023-07-24 00:00:00
C0849,+918010802945,2023-03-06 00:00:00
C0850,+919542396352,2023-01-19 00:00:00
C0851,+918828886566,2023-09-17 00:00:00
C0852,+917643404514,2023-02-04 00:00:00
C0853,+917970760539,2023-01-29 00:00:00
C0854,+918338034917,2023-10-03 00:00:00
C0855,+919764582145,2023-04-09 00:00:00
C0856,+918672924571,2023-03-28 00:00:00
C0857,+919783871143,2023-08-20 00:00:00
C0858,+919850037142,2023-04-11 00:00:00
C0859,+918624565708,2023-10-03 00:00:00
C0860,+918895676552,2023-04-10 00:00:00
C0861,+918550404280,2023-03-20 00:00:00
C0862,+918190501875,2023-06-03 00:00:00
C0863,+919331730534,2023-10-06 00:00:00
C0864,+917777280980,2023-07-19 00:00:00
C0865,+919279119316,2023-07-09 00:00:00
C0866,+919115384847,2023-05-13 00:00:00
C0867,+918666330441,2023-04-19 00:00:00
C0868,+919699120951,2023-10-13 00:00:00
C0869,+917661332079,2023-05-20 00:00:00
C0870,+919866270277,2023-03-02 00:00:00
C0871,+917261535384,2023-04-30 00:00:00
C0872,+917965388648,2023-03-01 00:00:00
C0873,+919942899622,2023-06-24 00:00:00
C0874,+919451455140,2023-09-07 00:00:00
C0875,+917039757540,2023-09-03 00:00:00
C0876,+917397085980,2023-09-02 00:00:00
C0877,+919261043608,2023-01-16 00:00:00
C0878,+917527853094,2023-02-16 00:00:00
C0879,+918645601231,2023-01-28 00:00:00
C0880,+919540819858,2023-03-20 00:00:00
C0881,+919070968971,2023-03-04 00:00:00
C0882,+918683487913,2023-06-12 00:00:00
C0883,+917364252594,2023-06-25 00:00:00
C0884,+919271477408,2023-03-01 00:00:00
C0885,+917489469223,2023-06-22 00:00:00
C0886,+917469448258,2023-01-25 00:00:00
C0887,+917914661729,2023-09-05 00:00:00
C0888,+918314696781,2023-05-14 00:00:00
C0889,+919298905532,2023-01-07 00:00:00
C0890,+919257204751,2023-02-16 00:00:00
C0891,+917362122252,2023-07-25 00:00:00
C0892,+918074986837,2023-07-16 00:00:00
C0893,+919554461556,2023-08-09 00:00:00
C0894,+917859768557,2023-01-09 00:00:00
C0895,+918110697174,2023-06-20 00:00:00
C0896,+919088809161,2023-03-27 00:00:00
C0897,+918310032820,2023-07-08 00:00:00
C0898,+919555997272,2023-08-14 00:00:00
C0899,+919014778417,2023-02-06 00:00:00
C0900,+917395675758,2023-03-13 00:00:00
C0901,+919159590412,2023-06-11 00:00:00
C0902,+917466163465,2023-09-21 00:00:00
C0903,+917941657504,2023-07-19 00:00:00
C0904,+918691841097,2023-02-13 00:00:00
C0905,+917125702034,2023-04-28 00:00:00
C0906,+919597703386,2023-02-10 00:00:00
C0907,+917153049347,2023-06-02 00:00:00
C0908,+919704486329,2023-09-21 00:00:00
C0909,+918795811719,2023-10-07 00:00:00
C0910,+918548416687,2023-09-06 00:00:00
C0911,+919035684112,2023-09-18 00:00:00
C0912,+918156521325,2023-07-21 00:00:00
C0913,+917007130907,2023-01-24 00:00:00
C0914,+918436856311,2023-06-30 00:00:00
C0915,+917012483542,2023-08-11 00:00:00
C0916,+918646119948,2023-07-09 00:00:00
C0917,+918739686883,2023-04-05 00:00:00
C0918,+919539665745,2023-05-17 00:00:00
C0919,+917758391940,2023-04-02 00:00:00
C0920,+917962537377,2023-07-05 00:00:00
C0921,+918709935021,2023-01-12 00:00:00
C0922,+917174180853,2023-10-15 00:00:00
C0923,+918349214756,2023-01-13 00:00:00
C0924,+917103656405,2023-09-16 00:00:00
C0925,+917329769038,2023-09-10 00:00:00
C0926,+917145980397,2023-07-06 00:00:00
C0927,+917507674397,2023-08-11 00:00:00
C0928,+919730857905,2023-03-05 00:00:00
C0929,+919218970799,2023-03-01 00:00:00
C0930,+917915019080,2023-08-28 00:00:00
C0931,+918319732439,2023-02-15 00:00:00
C0932,+919611241960,2023-05-02 00:00:00
C0933,+919744092037,2023-08-28 00:00:00
C0934,+918042581215,2023-09-14 00:00:00
C0935,+918733228734,2023-10-09 00:00:00
C0936,+919520846441,2023-07-07 00:00:00
C0937,+917608567973,2023-08-08 00:00:00
C0938,+917720448676,2023-02-23 00:00:00
C0939,+919450806910,2023-06-15 00:00:00
C0940,+917065146987,2023-09-10 00:00:00
C0941,+917358814274,2023-10-28 00:00:00
C0942,+917586751686,2023-01-11 00:00:00
C0943,+918413316641,2023-09-27 00:00:00
C0944,+919616618283,2023-02-16 00:00:00
C0945,+919573546507,2023-06-21 00:00:00
C0946,+917934545971,2023-06-10 00:00:00
C0947,+919075125998,2023-06-29 00:00:00
C0948,+918205232759,2023-09-09 00:00:00
C0949,+918252329381,2023-05-17 00:00:00
C0950,+919601206118,2023-09-29 00:00:00
C0951,+918734892085,2023-01-29 00:00:00
C0952,+917876921249,2023-01-29 00:00:00
C0953,+917239006222,2023-06-12 00:00:00
C0954,+917904034399,2023-07-28 00:00:00
C0955,+918549561516,2023-08-14 00:00:00
C0956,+919160919350,2023-10-07 00:00:00
C0957,+919035901549,2023-08-09 00:00:00
C0958,+919286810689,2023-07-19 00:00:00
C0959,+918438420801,2023-01-28 00:00:00
C0960,+918099117533,2023-03-26 00:00:00
C0961,+918778600287,2023-01-14 00:00:00
C0962,+917041009969,2023-05-23 00:00:00
C0963,+917757857324,2023-03-08 00:00:00
C0964,+918909016338,2023-01-28 00:00:00
C0965,+919269508066,2023-09-14 00:00:00
C0966,+918240043655,2023-01-05 00:00:00
C0967,+917313960424,2023-06-05 00:00:00
C0968,+917803480241,2023-06-05 00:00:00
C0969,+918224003307,2023-01-08 00:00:00
C0970,+919295813415,2023-04-22 00:00:00
C0971,+919145036563,2023-06-06 00:00:00
C0972,+918157623134,2023-02-07 00:00:00
C0973,+919058589213,2023-05-03 00:00:00
C0974,+918946182186,2023-05-21 00:00:00
C0975,+919045754449,2023-02-18 00:00:00
C0976,+918172682389,2023-10-19 00:00:00
C0977,+917429102259,2023-10-03 00:00:00
C0978,+919903858897,2023-09-08 00:00:00
C0979,+917990255732,2023-07-18 00:00:00
C0980,+917518893922,2023-06-04 00:00:00
C0981,+919581027165,2023-03-17 00:00:00
C0982,+919012514843,2023-08-27 00:00:00
C0983,+919711790122,2023-07-09 00:00:00
C0984,+919093852209,2023-01-25 00:00:00
C0985,+918130936832,2023-09-09 00:00:00
C0986,+917313149411,2023-01-04 00:00:00
C0987,+919927718982,2023-10-20 00:00:00
C0988,+919578096800,2023-01-02 00:00:00
C0989,+917061898709,2023-09-20 00:00:00
C0990,+917421460129,2023-10-11 00:00:00
C0991,+919302595444,2023-03-19 00:00:00
C0992,+918319786635,2023-07-09 00:00:00
C0993,+919956053724,2023-10-27 00:00:00
C0994,+917046493220,2023-05-14 00:00:00
C0995,+918308042784,2023-07-20 00:00:00
C0996,+919215706511,2023-06-29 00:00:00
C0997,+919991047536,2023-10-16 00:00:00
C0998,+918397159630,2023-02-24 00:00:00
C0999,+919371426081,2023-05-31 00:00:00
C1000,+919205837643,2023-09-03 00:00:00
